{"stage1/similarity_std":0.09926117956638336,"_step":0,"_timestamp":1.7638238681954868e+09,"stage1/similarity_mean":0.1083315908908844,"_runtime":91,"stage1/similarity_min":-0.24952267110347748,"stage1/use_test_data":true,"stage1/similarity_max":0.8304619789123535,"stage1/num_documents":49145,"_wandb":{"runtime":91}}