{"_runtime":36,"_timestamp":1.7638255003769932e+09,"stage1/similarity_std":0.09926117956638336,"stage3/val_samples":2949,"stage3/train_samples":26538,"stage1/num_documents":49145,"stage2/total_docs_with_core":49145,"_wandb":{"runtime":36},"stage1/use_test_data":true,"_step":3,"stage3/num_negative_labels":13003594,"stage3/positive_ratio":0.002510524057322303,"stage3/num_positive_labels":32728,"stage2/avg_docs_per_core_class":172.43859649122808,"stage3/use_test_data":false,"stage1/similarity_mean":0.1083315908908844,"stage1/similarity_max":0.8304619789123535,"stage1/similarity_min":-0.24952267110347748,"stage2/use_test_data":true,"stage3/num_ignored_labels":2621275,"stage2/num_core_classes":285,"stage2/num_documents":49145}