{"stage2/num_documents":49145,"_wandb":{"runtime":120},"stage2/total_docs_with_core":49145,"_runtime":120,"stage1/use_test_data":true,"stage1/num_documents":49145,"stage2/avg_docs_per_core_class":172.43859649122808,"stage1/similarity_min":-0.24952267110347748,"stage2/use_test_data":true,"stage1/similarity_mean":0.1083315908908844,"stage1/similarity_std":0.09926117956638336,"_step":1,"stage2/num_core_classes":285,"stage1/similarity_max":0.8304619789123535,"_timestamp":1.7638241942180448e+09}