{"stage2/total_docs_with_core":49145,"stage3/use_test_data":false,"stage1/num_documents":49145,"stage3/num_positive_labels":32728,"stage2/avg_docs_per_core_class":172.43859649122808,"stage3/num_ignored_labels":2621275,"stage1/similarity_mean":0.1083315908908844,"stage3/positive_ratio":3.7754572241007975e-05,"stage1/similarity_max":0.8304619789123535,"_wandb":{"runtime":247},"stage3/val_samples":2949,"stage1/similarity_min":-0.24952267110347748,"stage3/train_samples":26538,"stage2/use_test_data":true,"stage3/num_negative_labels":866829166,"_runtime":247,"_timestamp":1.7638250330633972e+09,"stage2/num_core_classes":285,"stage1/similarity_std":0.09926117956638336,"stage1/use_test_data":true,"_step":3,"stage2/num_documents":49145}